Dave & Buster's NYC	ACT2	"234 West 42nd St New York, 10036"	Midtown	NY	(646) 495-2015        	http://www.daveandbusters.com/locations/StoreInformation.aspx?trackid=50_NY__NEW_YORK-TIMES_SQUARE&StoreId=50	Street/Paid Lot	$$	"https://www.google.com/maps/place/Dave+%26+Buster's/@40.695198,-73.7886518,11z/data=!4m5!1m2!2m1!1sDave+%26+Buster's!3m1!1s0x0000000000000000:0xf1b56fe323390976"	"21+ after 9. go before 9 they dont kick u out after 9. Not as many games as you think though, and definitely not a first few dates place. Free parking around 40th St on weekends"Modern Pinball NYC	ACT2	"362 3rd Ave New York, NY 10016"	Kips Bay	NY	(646) 415-8440	modernpinballnyc.com	x	$$	"https://www.google.com/maps/place/Modern+Pinball+NYC/@40.7411233,-73.98417,17z/data=!3m1!4b1!4m2!3m1!1s0x89c25909e950a3cf:0xc6565c936e8a69b6"	Similar to that place in Asbury by the boardwalkSilverball Museum II	ACT2	"1000 Ocean Ave #306 Asbury Park, NJ 07712"	Asbury	NJ	(732) 774-4994	silverballmuseum.com	Street	$	"https://www.google.com/maps/place/Silverball+Museum/@40.220761,-74.0020683,17z/data=!3m1!4b1!4m2!3m1!1s0x89c226421eac8f2f:0xcdbff785530659fa"	vintage arcade place. maximum time youl spend there is 45 minYesterCades	ACT2	"80 Broad St, Red Bank, NJ 07701"	Red Bank	NJ	(732) 383-7873	yestercades.com/	Street	$	"https://www.google.com/maps/place/YESTERcades/@40.349471,-74.0677534,17z/data=!3m1!4b1!4m2!3m1!1s0x89c23037f8b30d79:0xf4928d177d1a2ba4"	"all the old arcade games, very fun, but go at an off time. off chance of seeing sys there (also on a date lol)"Hidden Gems Archery	ACT3	"Near 375 Pearl St Brooklyn, NY 11201"	Brooklyn Heights	NY	(254) 247-4477	http://www.hiddengemsarchery.com	Street	$	"https://www.google.com/maps/place/Hidden+Gems+Archery/@40.6677344,-73.9965856,17z/data=!3m1!4b1!4m2!3m1!1s0x89c25afaab53969f:0x3ada9bc790633a65"	"Buy groupon http://www.groupon.com/deals/hidden-gems-solutions and then register on the hidden gem archery WEB for the date and time avilable, all memebers must register seperatly and sign the online waiver"Camp	ACT4	"179 Smith St Brooklyn, NY 11201"	Cobble Hill	NY	(718) 852-8086	http://www.camp-brooklyn.com/index.html	Street	$$	"https://www.google.com/maps/place/Camp/@40.6856924,-73.9932132,17z/data=!4m5!1m2!2m1!1scamp!3m1!1s0x0000000000000000:0xff6e45c9c488e11f"	"Looks like a nice cozy bar, has board games 1 night, 1 night karakoe, fireplace, dont see an age restriction."Minus 5 Ice Bar	ACT4	"1335 6th Ave New York, NY 10019"	Midtown 	NY 	212-757-4610	Minus5experience.com	Street/Paid Lot	$$$	"https://www.google.com/maps/place/Minus5%C2%B0/@40.7622454,-73.9814006,17z/data=!3m1!4b1!4m2!3m1!1s0x89c258f9a423d2ef:0xc321a19368c4fb1c"	"Inside Hilton, Bar is completely made out of ice, even the glasses, may need reservations and 21+"Zombie Hut	ACT4	"273 Smith Street, Brooklyn, NY"	Brooklyn	NY	(718) 875-3433	http://www.yelp.com/biz/zombie-hut-brooklyn	Street (Meter)	$	"https://www.google.com/maps/place/Zombie+Hut/@40.6825557,-73.9952593,17z/data=!3m1!4b1!4m2!3m1!1s0x89c25a50cb7d0f3b:0xb7014a517ccded3b"	"Pretty cool bar to go to, especially during the summer months as they have a whole outdoor lounge. Pick up a mixed drink (they're pretty light which is a plus for those who dont like hard liquor -- the Bahamamama is my fave!) and grab a complimentary board game! Drinks range from $5 to $10 depending. They have Monopoly, Apples to Apples, Connect Four, etc. Great to go with friends and / or other couples. Come on? Whats better than playing a board game while you're tipsy?"Billiards	ACT5	1828 Mcdonald Ave Brooklyn NY	Brooklyn	NY	(718)787-1777	https://m.facebook.com/PyramidaBilliards?id=366824766721189&refsrc=http%3A%2F%2Fwww.google.com%2Furl&_rdr	Street	$	"https://www.google.com/maps/place/1828+McDonald+Ave,+Brooklyn,+NY+11223/@40.608085,-73.9754269,17z/data=!3m1!4b1!4m2!3m1!1s0x89c244e5a684f34b:0xc255aa7aab8381f2"	"dark lit room to play billiards. russians, snooker and a few arcade games"Boardwalk Billiards	ACT5	"3200 Coney Island Ave Brooklyn, NY"	Brooklyn	NY	(718) 934-7777	http://m.yelp.com/biz/boardwalk-billiards-Brooklyn	Street	$	"https://www.google.com/maps/place/Boardwalk+Billiards/@40.577596,-73.9774545,14z/data=!4m5!1m2!2m1!1sbilliards!3m1!1s0x0000000000000000:0xbfecbba2709c0b14"	open super lateBrownstone Billiards	ACT5	"308 Flatbush Ave Brooklyn, NY 11238"	Park Slope	NY	(718) 857-5555	oceans8ny.com	Street	$	"https://www.google.com/maps/place/Brownstone+Billiards/@40.6773447,-73.9751656,17z/data=!3m1!4b1!4m2!3m1!1s0x89c25ba88cc582ff:0x8627f08372b1609b"	Billiards ping pong and air hockeyManhattan by Sail	ACT6	"225 Broadway #3407 New York, NY 10007"	Financial District	NY	(212) 619-0907	https://www.manhattanbysail.com/_	Street	$$	"https://www.google.com/maps/place/Clipper+City+Tall+Ship+-+Operated+by+Manhattan+by+Sail/@40.701114,-74.017682,17z/data=!3m1!4b1!4m2!3m1!1s0x89c25a3c62f25ad7:0xb8fef5ce19a1ec09"	"Nice sailing/cruising (""sunset sails""), around statue of liberty, boat with 50 other randoms. Can get very cold (windy) bring jackets. Also can find deals on TravelZoo"Red Bank Marina	ACT6	"261 West Front St Red Bank, NJ 07701"	Red Bank	NJ	(732) 741-3320	redbankmarina.org_	Free Lot	$$	"https://www.google.com/maps/place/Red+Bank+Marina/@40.3526118,-74.0732422,17z/data=!4m5!1m2!2m1!1sRed+Bank+Marina!3m1!1s0x89c231cac9ddff63:0x9a800878568e97b7"	watersports boat rentals.. more of a group thingBrunswick Zone-Hazlet Bowling	ACT8	"1400 State Rt 36, Hazlet, NJ 07730"	Hazlet	NJ	(732) 264-0800	http://www.bowlbrunswick.com/about-us/323/1	Free Lot	$	"https://www.google.com/maps/place/Brunswick+Zone+Hazlet/@40.428037,-74.191454,17z/data=!3m1!4b1!4m2!3m1!1s0x89c2349e38a7d901:0xf79d484be0496e6"	"Great bowling place off the garden state. Shouldnt see any sys. ~30 min away. Nice bowling, arcade games etc"Melody Lanes	ACT8	"461 37th St Brooklyn, NY 11232"	Greenwood	NY	(718) 499-3848	melodylanesny.com	Street	$	"https://www.google.com/maps/place/Melody+Lanes/@40.6527418,-74.0050711,17z/data=!3m1!4b1!4m2!3m1!1s0x89c25ac6e71e22af:0xf94d7345c02d2046"	not the cleanest place.. replacement for shell lanes and ur hajjed for the cityShell Lanes	ACT8	"1 Bouck Ct New York, NY 11223"	Brooklyn	NY	(718) 336-6700	http://shelllanes.com	Street	$	"https://www.google.com/maps/place/Shell+Lanes/@40.5888453,-73.9757048,17z/data=!3m1!4b1!4m2!3m1!1s0x89c24450fd4da649:0x2e980e50538b80c5"	The bowling place we all no is not so nice but its a place to goStrike 10 Lanes	ACT8	"6161 Strickland Ave Brooklyn, NY 11234"	Mil Basin	NY	(718) 763-3333	strike10lanes.com	Street	$	"https://www.google.com/maps/place/Strike+10+Lanes/@40.6129438,-73.9151194,17z/data=!3m1!4b1!4m2!3m1!1s0x89c243408b5e31f3:0xd06511a184445320"	"little better than shell lanes, some arcade games, burgers bar next door"Resort World	ACT11	"110-00 Rockaway Blvd Jamaica, NY 11420"	Queens	NY	(718) 215-2828	http://www.rwnewyork.com/index.php	Street	$$	"https://www.google.com/maps/place/Resorts+World+Casino+New+York+City/@40.6728572,-73.834818,17z/data=!3m1!4b1!4m2!3m1!1s0x89c2674340dbd021:0x5982f3f892a92c6c"	"Casino nearby to go to, 18+ and its pretty fun, all electronic"Allenhurst Boardwalk	ACT10	"Ocean Pl Allenhurst, NJ 07711"	Allenhurst	NJ	x	x	Street		x	"Very chilled, very few people around, and very nice"Asbury Park Boardwalk	ACT10	"1300 Ocean Ave Asbury Park, NJ 07712"	Asbury Park	NJ	(732) 897-6500	"http://www.google.com/url?sa=t&rct=j&q=&esrc=s&source=web&cd=1&cad=rja&uact=8&ved=0CCsQFjAA&url=http%3A%2F%2Fapboardwalk.com%2F&ei=CfQ0U8qWIdHgsASo14H4Ag&usg=AFQjCNGG4bCNxMi8N8ZdeTKBq6i8hqVmxw&sig2=KA5vrTqp982P1dV5io1ROQ&bvm=bv.63808443,d.cWc"	Street/Paid Lot		x	Chilled to walk aroundBrooklyn Botanical Garden	ACT10	"1000 Washington Ave Brooklyn, NY 11225"	Crown Heights	NY	(718) 623-7200	http://www.nybg.org	Street/Paid Lot	$	"https://www.google.com/maps/place/Brooklyn+Botanic+Garden,+990+Washington+Ave,+Brooklyn,+NY+11225/@40.6660424,-73.9642773,17z/data=!3m1!4b1!4m2!3m1!1s0x89c25b0e68bf8bc1:0x57422fe45b635cda"	"The New York Botanical Garden is New York City's premier botanical garden. NYBG has been studying, exhibiting, and conserving plants for 120 years."Brooklyn Heights Promenade	ACT10	"Columbia Heights Brooklyn, NY 11201"	Brooklyn Heights	NY	x	http://nyharborparks.org/visit/brhe.html	Street		x	Chilled to walk aroundConey Island Boardwalk	ACT10	"Surf Ave Brooklyn, NY 11224"	Coney Island	NY	(212) 639-9675	http://www.coneyisland.com	Street		x	Chilled to walk aroundJane's Carousel	ACT10	"Brooklyn Bridge Park Dock St New York, NY 11201 "	Dumbo	NY	(718) 222-2502	janescarousel.com	Street	$	"https://www.google.com/maps/place/Jane's+Carousel/@40.704494,-73.994499,17z/data=!3m1!4b1!4m2!3m1!1s0x89c25a311f95d953:0x63ccbc2bfd4ed370"	outdoor carousel. do this with other Dumbo ideasLee Turkey Farm	ACT11	"201 Hickory Corner Rd East Windsor, NJ 08520"	Trenton	NJ	(609) 448-0629	http://www.leeturkeyfarm.com	Free Lot	$	"https://www.google.com/maps/place/Lee+Turkey+Farm/@40.2666375,-74.5667564,17z/data=!3m1!4b1!4m2!3m1!1s0x89c3dfbc00b437f1:0xc968a2a003dfc9dc"	Heard people go apple picking hereMadame Tussauds Wax Museum	ACT11	"234 W 42nd St New York, NY 10036"	Midtown	NY	(212) 512-9600	www.madametussauds.com/newyork/_	Paid Lot	$$	"https://www.google.com/maps/place/Madame+Tussauds+New+York/@40.7564757,-73.9910556,17z/data=!3m1!4b1!4m2!3m1!1s0x89c25854af9f53f1:0xe72a0c97fe7d2986"	"Fun wax museum, figure a couple hours"NBC Experience Store	ACT11	"30 Rockefeller Plaza New York, NY 10112"	Midtown	NY	(212) 664-2754	www.nbcuniversalstore.com	Street/Paid Lot	$	"https://www.google.com/maps/place/The+Shop+at+NBC+Studios/@40.759401,-73.982391,17z/data=!3m2!4b1!5s0x89c258fecf0ef811:0xb825fcecb05171d0!4m2!3m1!1s0x89c258fed6d19b35:0x58ed758276a9d769"	"Right near rockefeller center, block away from le marias. quick"New Roc City	ACT11	"19 Lecount Pl, New Rochelle, NY 10801"	New Rochelle	NY	(914) 637 7575	http://www.funfuziononline.com/	Paid Lot	$$	"https://www.google.com/maps/place/New+Roc+City/@40.91058,-73.7819735,17z/data=!3m1!4b1!4m2!3m1!1s0x89c28d9101808cbb:0x3d06fba22b5b7c07"	"A LOT to do. Bowling, Go karting (only weekends), rides, pool, mini golf... All indoors. 45 min- 1 hour away. Check out their WEB, different specials throughout the week and all. Parking is $1 an hour."Ripleys Believe it or Not	ACT11	"234 W 42nd St New York, NY 10036"	Midtown	NY	(212) 398-3133	www.ripleysnewyork.com/	Paid Lot	$$	"https://www.google.com/maps/place/Ripley's+Believe+it+or+Not!+Times+Square/@40.7564787,-73.9907374,17z/data=!3m1!4b1!4m2!3m1!1s0x89c25854af9f53f1:0xd740b17b0c358e13"	Weird stuffSony Wonder Technology Lab	ACT11	"550 Madison Ave New York, NY 10022"	Midtown	NY	(212) 833-8100	http://www.sonywondertechlab.com	Street/Paid Lot	X	"https://www.google.com/maps/place/Sony+Wonder+Technology+Lab/@40.7613807,-73.9756316,17z/data=!3m1!4b1!4m2!3m1!1s0x89c258fae22dd531:0x1dba11d937f8d4d9"	CLOSEDStatue of Liberty + Ellis island	ACT11	"Liberty Island New York, NY 10004"	Island	NY	(201) 604-2800	http://www.nps.gov/stli/planyourvisit/index.htm http://www.statuecruises.com/choose_tickets.aspx	See Notes	$$	"https://www.google.com/maps/place/Statue+of+Liberty+National+Monument/@40.6892494,-74.0466944,17z/data=!3m1!4b1!4m2!3m1!1s0x89c25090129c363d:0x40c6a5770d25022b"	"amazing views from the crown , have to book early because there is not much availability. get to the ferry from either manhattan or i you're driving park here: 1 Audrey Zapp Dr, Jersey City, NJ 07305"Bradley Beach Mini Golf Course	ACT12	"800 Ocean Ave, Bradley Beach, NJ 07720 "	Bradley	NJ	732-774-2937	http://www.bradleybeachminigolf.com	Street	$	"https://www.google.com/maps/place/Shipwreck+Island+Mini+Golf/@40.2037134,-74.0085484,17z/data=!3m1!4b1!4m2!3m1!1s0x89c2264aa02e4039:0xee6fa32b28b7d93"	Nicer mini golf placeStaten Island Batting Cages & Mini Golf	ACT12	"215 Schmidts Lane Staten Island, NY 10314"	Staten Island	NY	(718) 982-5576	sigokarts.com	Free Lot	$	"https://www.google.com/maps/place/Staten+Island+Mini+Golf/@40.6094732,-74.1226114,17z/data=!3m1!4b1!4m2!3m1!1s0x89c24e83bdb189fb:0x70c2e6c2fc3adfe5"	outdoor mini golf go karts and batting cagesTwin Brook Golf Center	ACT12	"1251 Jumping Brook Rd Eatontown, NJ 07724"	Tinton Falls	NJ	(732) 922-1600	http://www.twinbrookgolfcenter.com	Free Lot	$	"https://www.google.com/maps/place/Twin+Brook+Golf+Center/@40.22585,-74.0888353,17z/data=!3m1!4b1!4m2!3m1!1s0x89c2291bbc7b53ab:0x2bb3926a9e04284d"	Nice golf range with mini golfMOMA museum of modern art	ACT18	"11 West 53 St New York, NY 10019"	Upper West Side	NY	(212) 708-9400	http://www.moma.org/?fullsite=1	Street/Paid Lot	>$	"https://www.google.com/maps/place/The+Museum+of+Modern+Art/@40.7614327,-73.9798156,17z/data=!3m2!4b1!5s0x89c258fbd5ec7547:0x7edf0a3ade84ad50!4m2!3m1!1s0x89c258f97bdb102b:0xea9f8fc0b3ffff55"	paying is optional lol but requested is like 10$Indoor Extreme Sports	ACT11	"47-11 Van Dam St, Long Island City, NY 11101"	Long Island	NY	(718) 361-9152	indoorextremesports.com/_	Street	$$	"https://www.google.com/maps/place/Indoor+Extreme+Sports+Paintball+%26+Laser+Tag/@40.7421954,-73.9358565,17z/data=!3m1!4b1!4m2!3m1!1s0x89c25ed36e8c0eb1:0xf912aae6332e504a"	"Make sure to sign waiver beforehand. Not a one-one-one date place, more of a fun group thing"Garden State Rocks	ACT11	"705 Ginesi Drive Morganville, NJ 07751"	Marlboro NJ	NJ	(732) 972-3003	gardenstaterocks.com	Free Lot	$	"https://www.google.com/maps/place/Garden+State+Rocks/@40.351781,-74.295422,17z/data=!3m1!4b1!4m2!3m1!1s0x89c3d2120e430e85:0x4f48f5101d154e58"	day dateSPiN New York	ACT10	"48 E 23rd St, New York, NY 10010"	Midtown	NY	(212) 982-8802	http://newyork.wearespin.com/	Paid Lot	$$	"https://www.google.com/maps/place/SPiN+New+York/@40.7403131,-73.9891906,17z/data=!3m1!4b1!4m2!3m1!1s0x89c259a137388d01:0xf0879ba78872713c"	Ping pong/Bar place. never been but might be good as a fun dateItalian Festival	AMU	"200 Whalepond Rd., Oakhurst, NJ 07755"	Oakhurst	NJ	(732) 531-5768	http://iaato.com/festival/	Street	$	x	Italian Festival of Ocean Township Runs for 5-6 days during the summerSix Flags Great Adventure	AMU	"1 Six Flags Blvd Jackson, NJ 08527"	Jackson	NJ	(732) 928-1821	sixflags.com	Paid Lot	$$$	"https://www.google.com/maps/place/Six+Flags+Great+Adventure/@40.1370678,-74.4424089,17z/data=!3m1!4b1!4m2!3m1!1s0x89c164831c62ca1d:0x2bd60c6088332f46"	BRING A COKE CAN. pay for premier parking too. they have fright fest in october and a water parkCarvel	DES_P	"2744 Coney Island Ave Brooklyn, NY 11235"	Coney Island	NY	(718) 934-8173	http://www.carvel.com	Street	$	"https://www.google.com/maps/place/Carvel+Ice+Cream/@40.5907229,-73.9628721,16.81z/data=!4m5!1m2!2m1!1sCarvel+Ice+Cream+ave+y!3m1!1s0x0000000000000000:0x6d7adcac1b99e80a"	local ice cream placeBella Notte	DIN_D	"268 Norwood Ave  Deal, NJ 07723"	Deal	NJ	(732) 508-9446	x	Street	$$	x	The old ice cafeBubbies Bistro	DIN_D	"5204 Ventnor Ave Ventnor City, NJ 08406"	Atlantic City	NJ	(609) 822-7200	http://www.bubbiesbistro.com	Street	$$	"https://www.google.com/maps/place/Bubbies+Bistro/@39.3435261,-74.4730399,17z/data=!3m1!4b1!4m2!3m1!1s0x89c0ee9e12ac097b:0x7864b05853f8dcc0"	Hour and a half from deal.. Dont know if its worth the drive.Cafe K 18th Ave	DIN_D	"4110 18th Ave Brooklyn, NY 11218"	Brooklyn	NY	(718) 438-1859	http://www.cafekrestaurant.com	Street	$	"https://www.google.com/maps/place/Caf%C3%A9+K/@40.6173485,-73.9541459,15z/data=!4m5!1m2!2m1!1sCafe+K!3m1!1s0x0000000000000000:0x6327ccdfd178fda3"	"Simple cafe dinner, not sy populated"Cafe Renaissance	DIN_D	"802 Kings Hwy Brooklyn, NY 11223"	Brooklyn	NY	(718) 382-1900	x	Street	$$	"https://www.google.com/maps/place/Cafe+Renaissance/@40.6063758,-73.966513,17z/data=!3m1!4b1!4m2!3m1!1s0x89c244edcbf55d6b:0xe3305d973f00a6a2"	nice dairy resturant thats localTiberias	DIN_D	"45 E 34 St New York, NY 10016"	Midtown	NY	(212) 481-4222	http://www.tiberiasnyc.com/	Street/Paid Lot	$$	"https://www.google.com/maps/place/Tiberias/@40.7477454,-73.9844431,17z/data=!3m1!4b1!4m2!3m1!1s0x89c259077764c719:0x31142d328dd7756e"	"Great dairy restaurant, fast service but also pretty nice. Happens to be open 24 hours"Fuji Hana	DIN_M	"512 Ave U Brooklyn, NY 11223"	Brooklyn	NY	(718) 336-3888	x	Street	$$	"https://www.google.com/maps/place/Fuji+Hana/@40.5975768,-73.9685837,17z/data=!3m1!4b1!4m2!3m1!1s0x89c244f692209f11:0x5ae23952da1511e4"	"Place to take little sy girls. If you date an 8th grader, here's your place."Le Marais	DIN_M	"150 W 46th St New York, NY"	Midtown	NY	(212) 869-0900	http://lemarais.net/	Street/Paid Lot	$$$	"https://www.google.com/maps/place/Le+Marais/@40.757993,-73.986475,17z/data=!3m1!4b1!4m2!3m1!1s0x89c258559970e091:0x832e9f5017a0d478"	if you want the whole sy community to see you go on thurday sat-night or sunday. great food great service decent pricingT Fusion	DIN_M	"3223 Quentin Rd New York, 11234"	Brooklyn	NY	(718) 627-8325	tfusionsteakhouse.com/_	Street	$$$	"https://www.google.com/maps/place/T+Fusion+Steakhouse/@40.6133151,-73.9414436,17z/data=!3m1!4b1!4m2!3m1!1s0x89c244a1037e4587:0x35508424f88f82e6"	nice meat dinner. sysAmazon Cafe	LUN	1123 Quentin Rd Brooklyn 11229	Brooklyn	NY	(718) 382-8360	http://www.amazoncaffe.com	Street	$$	"https://www.google.com/maps/place/Amazon+Cafe/@40.6091918,-73.9622462,17.16z/data=!4m5!1m2!2m1!1sAmazon+Cafe!3m1!1s0x89c244ec991a98bf:0x22871a7b2163db38"	nice place for lunchMadison Square Garden	STA	"4 Pennsylvania Plaza New York, NY 10001"	 Midtown	NY	(212) 465-6741	"thegarden.com, stubhub.com"	Paid Lot	$$$	x	she better be a rangers/knicks fanMCU Park	STA	"1904 Surf Ave Brooklyn, NY 11224"	Coney Island	NY	(718) 372-5596	Brooklyncyclones.com	Paid Lot	$$	x	cheap and easy baseballMetlife STA	STA	"1 MetLife STA Dr, East Rutherford, NJ"	East Rutherford	NJ	(201) 559-1515	stubhub.com	Paid Lot	$$$	x	Giants/Jets play here as well as various concerts. bring warm clothesPrudential Center	STA	"25 Lafayette St Newark, NJ 07102"	Newark	NJ	(973) 757-6000	"prucenter.com , stubhub.com"	Paid Lot	$$$	x	devils fanFree Spirit Farm	ACT13	"187 Siloam Road Freehold, NJ 07728 "	Freehold	NJ	(917) 922-7196	http://freespiritfarmnj.com	Free Lot	$$	"https://www.google.com/maps/place/Free+Spirit+Farm/@40.1828541,-74.3526144,17z/data=!3m1!4b1!4m2!3m1!1s0x89c17da5ae99ac35:0x51ecf6fcdff3e215"	Check Living social https://www.livingsocial.com/deals/1125135-two-one-hour-private-horseback-riding-lessonsHorse and Buggy Ride	ACT13	"1 Central Park S New York, NY 10019"	Central Park	NY	X	http://www.centralpark.com/guide/activities/horse-drawn-carriages.html	Street/Paid Lot	$$	x	Jamaica Bay Riding Academy Inc	ACT13	7000 Shore Parkway Brooklyn New York 11234	Brooklyn	NY	(718)531-8949	http://www.horsebackride.com/packages-and-pricing.html	Free Lot	$$$	"https://www.google.com/maps/place/Jamaica+Bay+Riding+Academy+Inc/@40.6004809,-74.0340315"	ALL NYC ice skating rinks	ACT14	New York	All 5 Boroughs	NY	X	http://www.nycgovparks.org/facilities/iceskating	x	$$	x	directory of all open ice skating rinks in nyc that are maintained by the parks department (aviator and rockefeller arent in here because they are privately owned)Aviator Sports and Events Center	ACT14	"3159 Flatbush Ave Brooklyn, NY 11234"	Flatbush Ave	NY	(718) 758-7500	aviatorsports.com	Free Lot	$	"https://www.google.com/maps/place/Aviator+Sports+and+Events+Center/@40.5903237,-73.901968,17z/data=!3m1!4b1!4m2!3m1!1s0x89c24305e5cac23b:0x66c57ca09f048f39"	you will see everyone you know hereLeFrak Center at Lakeside	ACT14	"171 East Drive New York, NY 11225"	Prospect Park	NY	(212) 661-6640	http://www.nycgovparks.org/facilities/iceskating/2	Free Lot	$$	"https://www.google.com/maps/place/Lakeside+Brooklyn/@40.6573363,-73.9669702,17z/data=!3m1!4b1!4m2!3m1!1s0x89c25b14173520b9:0x66e061ffe4f33ff6"	not so late hoursSky Rink at Chelsea Piers	ACT14	"Chelsea Piers New York, NY 10011"	 Flatiron District	NY	(212) 336-6100	chelseapiers.com	Free Lot	$$	"https://www.google.com/maps/place/Sky+Rink+at+Chelsea+Piers/@40.7476265,-74.0118492,17z/data=!3m1!4b1!4m2!3m1!1s0x89c259c64a2f672b:0xf6a2e2a1964cdd26"	barely any night hoursThe Rink at Bryant Park	ACT14	"41 W 40th St New York, NY 10018"	Midtown West	NY	(212) 768-4242	http://www.nycgovparks.org/facilities/iceskating/3	Street	$	"https://www.google.com/maps/place/Winter+Village/@40.7545466,-73.9838853,18.42z/data=!4m5!1m2!2m1!1s%22The+Rink+at+Bryant+Park+%22!3m1!1s0x0000000000000000:0x3e6440cd72ee3877"	"Very cute, and pretty, right near time square. Bring you own lock for a locker, skates are $15 unless u have skates then its free"The Rink At Rockefeller Center	ACT14	"600 Fifth Ave New York, 10020"	Midtown	NY	(212) 332-7654	rockefellercenter.com	Street/Paid Lot	$$$	"https://www.google.com/maps/place/The+Rink+At+Rockefeller+Center/@40.7587071,-73.9805878,17z/data=!3m2!4b1!5s0x89c258fecf0d48af:0xb825fcec3b8aa1d0!4m2!3m1!1s0x89c258fe901288f9:0x9f97f605544e772"	awesome outdoor ice skating. dont go thurs/sat/sun night (packed)Karaoke at duet 35	ACT15	53 W 35th St. 2nd Floor New York NY 10001	Midtown	NY	646-473-0826	http://www.karaokeduet.com/index.php?itemid=8	Street/Paid Lot	$$	"https://www.google.com/maps/place/Karaoke+Duet+35/@40.7503084,-73.9885623,17z/data=!3m1!4b1!4m2!3m1!1s0x89c259a97a1c2cf1:0x29092a36e61265d7"	might want a designated driverPine Box Rock Shop	ACT15	"12 Grattan St Brooklyn, NY 11206"	Williamsburg	NY	(718) 366-6311	http://www.pineboxrockshop.com	Street	$	"https://www.google.com/maps/place/Pine+Box+Rock+Shop/@40.7053579,-73.9348887,17z/data=!3m1!4b1!4m2!3m1!1s0x89c25c010371b45f:0xad0bf1a8df87d277"	The View Restaurant & Lounge	ACT4	"1535 Broadway New York, NY 10036"	Midtown	NY	(212) 704-8880	http://www.theviewnyc.com	Street/Paid Lot	$$	"https://www.google.com/maps/place/The+View+Restaurant+%26+Lounge/@40.758545,-73.9882,17z/data=!3m1!4b1!4m2!3m1!1s0x89c2585500e85589:0xe4051916a31aa269"	"Resturant isnt kosher but the lounge and bar are fine, suppose to be gorgeous. Breathtaking views of many of the city’s iconic landmarks at The View New York’s only revolving rooftop restaurant and lounge."Bradley Beach Mini Golf Course	ACT12	"800 Ocean Ave, Bradley Beach, NJ 07720 "	Bradley	NJ	732-774-2937	http://www.bradleybeachminigolf.com	Street	$	"https://www.google.com/maps/place/Shipwreck+Island+Mini+Golf/@40.2037134,-74.0085484,17z/data=!3m1!4b1!4m2!3m1!1s0x89c2264aa02e4039:0xee6fa32b28b7d93"	Nicer mini golf placeBrooklyn Golf Center	ACT12	"3200 Flatbush Ave Brooklyn, NY 11234"	Flatbush Ave	NY	(718) 253-6816	http://brooklyngolfcenter.com	Street	$	"https://www.google.com/maps/place/Brooklyn+Golf+Center/@40.590134,-73.903618,17z/data=!3m1!4b1!4m2!3m1!1s0x89c24308ad56a5f3:0x6c8b7de6367030e2"	Madison Asbury Dry Operating- Mini Golf	ACT12	"1050 Ocean Ave Asbury Park, NJ 07712"	Asbury	NJ	(732) 774-0165	x	Street	$	"https://www.google.com/maps/place/Asbury+Eighteen+Mini-Golf/@40.2207463,-74.0019646,17z/data=!3m1!4b1!4m2!3m1!1s0x89c226421eac8f2f:0x3996f9da21131a8f"	Chilled mini golf place right by the boardwalkMonster Mini Golf	ACT12	"749 Hope Rd, Eatontown, NJ 07724"	Eatontown	NJ	(732) 544-2200	www.monsterminigolf.com/	Free Lot	$	"https://www.google.com/maps/place/Monster+Mini+Golf/@40.2695684,-74.4014475,12z/data=!4m5!1m2!2m1!1sMonster+Mini+Golf!3m1!1s0x89c22f1d90809987:0x809d3c21272d75cd"	"Nearby but few sys, known as a date place. Fun, mini golf and arcade games--no need to buy more than $20 worth of games, each game is 50 cents. Another location further away"Staten Island Batting Cages & Mini Golf	ACT12	"215 Schmidts Lane Staten Island, NY 10314"	Staten Island	NY	(718) 982-5576	sigokarts.com	Free Lot	$	"https://www.google.com/maps/place/Staten+Island+Mini+Golf/@40.6094732,-74.1226114,17z/data=!3m1!4b1!4m2!3m1!1s0x89c24e83bdb189fb:0x70c2e6c2fc3adfe5"	outdoor mini golf go karts and batting cagesTwin Brook Golf Center	ACT12	"1251 Jumping Brook Rd Eatontown, NJ 07724"	Tinton Falls	NJ	(732) 922-1600	http://www.twinbrookgolfcenter.com	Free Lot	$	"https://www.google.com/maps/place/Twin+Brook+Golf+Center/@40.22585,-74.0888353,17z/data=!3m1!4b1!4m2!3m1!1s0x89c2291bbc7b53ab:0x2bb3926a9e04284d"	Nice golf range with mini golfAMC Essex Green 9	ACT17	"495 Prospect Ave West Orange, NJ 07052"	West Orange NJ	NJ	(973) 731-6692	https://www.amctheatres.com/movie-theatres/amc-dine-in-theatres-essex-green-9	Free Lot	$	"https://www.google.com/maps/place/AMC+Dine-in+Theatres+Essex+Green+9/@40.7918738,-74.2579191,17z/data=!3m1!4b1!4m2!3m1!1s0x89c3ab029498277f:0xb501ec9071339019"	if AMC Menlo Park doesnt have a better showingAMC Menlo Park 12	ACT17	"55 Parsonage Road #390 Edison, NJ 08837"	Edison	NJ	(732) 321-9093	https://www.amctheatres.com/movie-theatres/amc-dine-in-theatres-menlo-park-12	Free Lot	$	"https://www.google.com/maps/place/AMC+Dine-In+Theatres+Menlo+Park+12/@40.5477975,-74.3385856,17z/data=!3m2!4b1!5s0x89c3b64034c56051:0x663c92cc86785886!4m2!3m1!1s0x89c3b66aebb6fee1:0xfb4a6383cf275e3d"	HL movie theatres. assigned seating and waitors. food is nk but u can get free refill popcorn and minute maide smoothiesHBO Bryant Park Summer Film Festival	ACT17	"41 W 40th St New York, NY 10018"	Midtown	NY	(212) 768-4242	http://www.nyctrip.com/pages/Index.aspx?PageID=1168 and http://www.bryantpark.org/plan-your-visit/filmfestival.html	Street	x	x	free movies on the lawn during the summerOutdoor Movie Screenings	ACT17	New York City	Various	NY	X	http://www.thrillist.com/entertainment/new-york/outdoor-movie-nyc-calendar?ref=facebook-869	x	$	x	"many different outdoor screenings of popular movies, all different locations. never went before so research and go at your own risk"UA Sheepshead Bay STA 14	ACT17	"3907 Shore Pkwy Brooklyn, NY 11235"	Sheepshead Bay	NY	(718) 615-1053	http://www.regmovies.com/Theatres/Theatre-Folder/UA-Sheepshead-Bay-STA-14-IMAX-RPX-2785	Free Lot	$	"https://www.google.com/maps/place/UA+Sheepshead+Bay+14+IMAX+%26+RPX/@40.5859574,-73.9321301,17z/data=!3m1!4b1!4m2!3m1!1s0x89c243816498bff1:0xe8bce7a31e064c97"	The movie theater we all know and loveAmerican Museum of Natural History	ACT18	"Central Park West at 79th St New York, NY 10024-5192"	Upper West Side	NY	212-769-5100	http://www.amnh.org/	Street/Paid Lot	$	"https://www.google.com/maps/place/American+Museum+of+Natural+History/@40.7813241,-73.9761822,17z/data=!3m1!4b1!4m2!3m1!1s0x89c258f4b00f7a09:0xa27d8172624c5db1"	David Zwirner Gallery	ACT18	"525 W 19th St New York, NY 10011"	Chelsea	NY	(212) 727-2070	http://www.davidzwirner.com	Street/Paid Lot	$	"https://www.google.com/maps/place/David+Zwirner+Gallery/@40.745866,-74.009179,17z/data=!3m1!4b1!4m2!3m1!1s0x89c259c77bd1fe31:0x53c622628f724327"	David Zwirner Gallery is a contemporary art gallery in New York CityMOMA museum of modern art	ACT18	"11 West 53 St New York, NY 10019"	Upper West Side	NY	(212) 708-9400	http://www.moma.org/?fullsite=1	Street/Paid Lot	>$	"https://www.google.com/maps/place/The+Museum+of+Modern+Art/@40.7614327,-73.9798156,17z/data=!3m2!4b1!5s0x89c258fbd5ec7547:0x7edf0a3ade84ad50!4m2!3m1!1s0x89c258f97bdb102b:0xea9f8fc0b3ffff55"	paying is optional lol but requested is like 10$Museum of the Moving Image	ACT18	"36-01 35th Ave New York, NY 11106"	Astoria	NY	(718) 777-6888	http://www.movingimage.us	Street/Paid Lot	$	"https://www.google.com/maps/place/Museum+of+the+Moving+Image/@40.7562532,-73.925996,17z/data=!3m1!4b1!4m2!3m1!1s0x89c25f2550f21f03:0x58db958504446c43"	Indoor Extreme Sports	ACT11	"47-11 Van Dam St, Long Island City, NY 11101"	Long Island	NY	(718) 361-9152	indoorextremesports.com/_	Street	$$	"https://www.google.com/maps/place/Indoor+Extreme+Sports+Paintball+%26+Laser+Tag/@40.7421954,-73.9358565,17z/data=!3m1!4b1!4m2!3m1!1s0x89c25ed36e8c0eb1:0xf912aae6332e504a"	"Make sure to sign waiver beforehand. Not a one-one-one date place, more of a fun group thing"Laplaca Pottery Works	ACT19	"1100 Boardwalk, Suite C Asbury Park, NJ 07712"	Asbury Park	NJ	(732) 861-2276	http://www.laplacapottery.com	Street	$$	"https://www.google.com/maps/place/Laplaca+Pottery+Works/@40.0918136,-74.0530858,17z/data=!3m1!4b1!4m2!3m1!1s0x89c185df4916b155:0xebb880ba8dbef28e"	"Handmade Pottery, and local handmade gifts. "Make Meaning	ACT19	"1501 3rd Ave New York, NY"	 Upper East side	NY	(212) 744-0011	www.makemeaning.com	Street/Paid Lot	$$	"https://www.google.com/maps/place/Make+Meaning/@40.7614166,-73.9952224"	"Date place, painting and all. Actually a bit costly (around $80 total) Right near Central Park, starbucks, possibly a 16 handles . check Groupon for deals."Painted Pot Bay Ridge	ACT19	"339 Smith St Brooklyn, NY"	Carroll Gardens	NY	(718) 222-0334	http://www.paintedpot.com/	Street	$$	"https://www.google.com/maps/place/The+Painted+Pot/@40.6739669,-73.9886466,14.37z/data=!4m5!1m2!2m1!1sPainted+Pot!3m1!1s0x0000000000000000:0x2a52f7d654fe2ead"	"Painting place. Hours: Mon, Tues & Wed: 9 am to 9 pm , Thur & Fri: 9 am to 10 pm , Sat: 9 am to 10 pm , Sun: 9 am to 7 pm"Painted Pot Carroll Gardens	ACT19	"8009 3rd Ave Brooklyn, NY 11209"	Bay Ridge	NY	(718) 491-6411	http://www.paintedpot.com/	Street	$$	"https://www.google.com/maps/place/Painted+Pot+Inc/@40.6275103,-74.0313524,17z/data=!3m1!4b1!4m2!3m1!1s0x89c2455f4586b98d:0xf06277dcd48a817b"	"Painting place. Hours: Mon, Tues & Wed: 9 am to 9 pm , Thur & Fri: 9 am to 10 pm , Sat: 9 am to 10 pm , Sun: 9 am to 7 pm"Painted Pot Park Slope	ACT19	"200 7th Ave, Brooklyn, NY 11215"	Park Slope	NY	(718) 768-8379	http://www.paintedpot.com/	Street	$$	"https://www.google.com/maps/place/Painted+Pot/@40.6739669,-73.9886466,14.37z/data=!4m5!1m2!2m1!1sPainted+Pot!3m1!1s0x0000000000000000:0x91d59d75d7215207"	"Painting place. Hours: Mon, Tues & Wed: 9 am to 9 pm , Thur & Fri: 9 am to 10 pm , Sat: 9 am to 10 pm , Sun: 9 am to 7 pm"The Art Station	ACT19	"1303 Ave U Brooklyn, NY 11223"	Brooklyn	NY	(718) 645-4545	www.nyartstation.com/	Street (Meter)	$$	"https://www.google.com/maps/place/Art+Station/@40.598812,-73.9602318,17z/data=!3m1!4b1!4m2!3m1!1s0x89c2448cbd451ded:0xfd1671bf1651cab1"	"Every Wednesday Night is Adults only Paint Night! For just $35.00, you spend roughly 3 hours painting a picture of THEIR choice on a legitamate canvas.You can see what she is painting that Wednesday night by checking out Instagram @theartstationny. All materials included. BYOB. Regina (the Instructor) is super sweet and helpful. Small crowd (usually only 6 people or so show up) so you get plenty of one on one time with the instructor and it makes for a perfect painting. Also available during the week for walk in ceramic painting. "Fuerze Bruta	ACT21	101 East 15th St at Union Square New York NY 10003	Union Square	NY	(212) 239-6200	http://www.fuerzabrutanyc.com/	Street/Paid Lot	$$$	"https://www.google.com/maps/place/Daryl+Roth+Theatre/@40.7444555,-74.00515,15z/data=!4m5!1m2!2m1!1sFuerze+Bruta!3m1!1s0x0000000000000000:0x4e0c83b307a48522"	look on living social or groupon....they have cheaper ticketsBrooklyn Boulders	ACT11	"575 Degraw St New York, NY 11217"	Park Slope	NY	(347) 834-9066	brooklynboulders.com	Street	$	"https://www.google.com/maps/place/Brooklyn+Boulders/@40.679661,-73.986434,17z/data=!3m1!4b1!4m2!3m1!1s0x89c25a54c112a4df:0x98fbecd81ba1563b"	day dateGarden State Rocks	ACT11	"705 Ginesi Drive Morganville, NJ 07751"	Marlboro NJ	NJ	(732) 972-3003	gardenstaterocks.com	Free Lot	$	"https://www.google.com/maps/place/Garden+State+Rocks/@40.351781,-74.295422,17z/data=!3m1!4b1!4m2!3m1!1s0x89c3d2120e430e85:0x4f48f5101d154e58"	day dateBrooklyn Flea	ACT10	"90 Kent Ave Brooklyn, NY 11211"	Williamsburg	NY	(718) 928-6603	http://www.brooklynflea.com	Street	$	x	Flea market to walk around and buy stuffSkiing/ Snow tubing at mountain creek	ACT11	"200 McAfee Vernon Rd (Route 94) Vernon, NJ 07462"	Mt Vernon	NJ	(973)827-2000	http://m.mountaincreek.com/ski-ride	Free Lot	$$$$	"https://www.google.com/maps/place/Mountain+Creek/@41.1886605,-74.5107712,17z/data=!4m5!1m2!2m1!1smountain+creek!3m1!1s0x0000000000000000:0x1e2ef40d0bad4795"	tubing can get boring after an hour or two...so accomodate for that. about $115 each to skiHurricane Harbor	AMU	"1 Six Flags Blvd Jackson, NJ 08527"	Jackson	NJ	(732) 928-1821	sixflags.com	Paid Lot	$$$	"https://www.google.com/maps/place/Hurricane+Harbor/@33.7646482,-84.5553706,17z/data=!3m1!4b1!4m2!3m1!1s0x88f51ecd5da31e97:0x28c397654ead9a9a"	"AAA has a discount for all six flags tickets, 30% off. Most doscount that could be found"Mountain Creek Water Park	AMU	"200 McAfee Vernon Rd Vernon Township, NJ 07462"	Mt Vernon	NJ	(973)827-2000	http://m.mountaincreek.com/waterpark	Free Lot	$$$	"https://www.google.com/maps/place/Action+Park/@41.1886606,-74.5107604,17z/data=!3m1!4b1!4m2!3m1!1s0x89c33e05ff533319:0x818d28fc9a890c03"	one of the best waterparks out there but there are many steep hills to climb up so be preparedBronx Zoo	ACT22	"2300 Southern Blvd Bronx, NY 10460"	Bronx	NY	(718) 220-5100	http://www.bronxzoo.com	Street/Paid Lot	$$	"https://www.google.com/maps/place/Bronx+Zoo/@40.8505949,-73.8791922,17z/data=!3m1!4b1!4m2!3m1!1s0x89c2f483516ad28b:0x56eb41c9795102e"	Buy tickets online & save 10%!Central Park Zoo	ACT22	"64th St and 5th Ave New York, NY 10021"	Central Park	NY	(212) 439-6500	http://www.centralparkzoo.com	Street/Paid Lot	$	"https://www.google.com/maps/place/Central+Park+Zoo/@40.767778,-73.9740275,17z/data=!3m1!4b1!4m2!3m1!1s0x89c258f1fcd66869:0x65d72e84d91a3f14"	A zoo to visitNew York Aquarium	ACT22	"602 Surf Ave Brooklyn, NY 11224"	Coney Island	NY	(718) 265-3400	http://www.nyaquarium.com	Street	$	"https://www.google.com/maps/place/New+York+Aquarium/@40.5740044,-73.9780953,17z/data=!3m1!4b1!4m2!3m1!1s0x89c244360f1e1371:0x45f54e3a5017dbdc"	An aquarium to check outSPiN New York	ACT10	"48 E 23rd St, New York, NY 10010"	Midtown	NY	(212) 982-8802	http://newyork.wearespin.com/	Paid Lot	$$	"https://www.google.com/maps/place/SPiN+New+York/@40.7403131,-73.9891906,17z/data=!3m1!4b1!4m2!3m1!1s0x89c259a137388d01:0xf0879ba78872713c"	Ping pong/Bar place. never been but might be good as a fun dateiPlay America	AMU	"110 Schanck Rd Freehold, NJ 07728"	Freehold	NJ	(732) 577-8200	http://www.iplayamerica.com	Free Lot	$$	"https://www.google.com/maps/place/iPlay+America/@40.2398803,-74.2832665,17z/data=!3m1!4b1!4m2!3m1!1s0x89c3d5b37833a23d:0x84d71e4472609e0e"	"Went Wednesday night, its a nice place like New Roc City, has arcade, bowling, go karts, rides, lasertag, etc. Rides are small so played laser tag and arcades, spent $50 for 125 credits"Italian Festival	AMU	"200 Whalepond Rd., Oakhurst, NJ 07755"	Oakhurst	NJ	(732) 531-5768	http://iaato.com/festival/	Street	$	x	Italian Festival of Ocean Township Runs for 5-6 days during the summerKeansburg Runaway Rapids	AMU	"275 Beachway Ave, Keansburg, NJ"	Keansburg	NJ	(732) 495-1400	www.keansburgamusementpark.com/_	Street/Paid Lot	$$	"https://www.google.com/maps/place/Runaway+Rapids+Waterpark/@40.4545211,-74.1403202,17z/data=!3m1!4b1!4m2!3m1!1s0x89c234321c39bc89:0x6cb5a28af2faa229"	"water park, ok amusement park, arcades"Luna Park	AMU	"1000 Surf Ave Brooklyn, NY 11224 "	Coney Island	NY	(718) 373-5862	lunaparknyc.com	Street	$$	"https://www.google.com/maps/place/Luna+Park/@40.574579,-73.980576,17z/data=!3m1!4b1!4m2!3m1!1s0x89c24435ef6038b3:0x63fb771ce176f465"	few ridesPoint Pleasent	AMU	"300 Ocean Ave Pt Pleasant Bch, New Jersey 08742"	Point Pleasent	NJ	(732) 892-0600	jenkinsons.com	Street/Paid Lot	$$	x	Six Flags Great Adventure	AMU	"1 Six Flags Blvd Jackson, NJ 08527"	Jackson	NJ	(732) 928-1821	sixflags.com	Paid Lot	$$$	"https://www.google.com/maps/place/Six+Flags+Great+Adventure/@40.1370678,-74.4424089,17z/data=!3m1!4b1!4m2!3m1!1s0x89c164831c62ca1d:0x2bd60c6088332f46"	BRING A COKE CAN. pay for premier parking too. they have fright fest in october and a water parkSeaside Heights	ACT10	"800 Ocean Terrace Seaside Heights, NJ 08751"	Seaside Heights	NJ	X	X	Street/Paid Lot	$$	x	Brooklyn Ice Cream Factory	DES	"1 Water St New York, NY 11201"	Dumbo	NY	(718) 246-3963	Brooklynicecreamfactory.com_	Street	$	"https://www.google.com/maps/place/Brooklyn+Ice+Cream+Factory/@40.7204571,-73.992962"	"no hashgacha, careful"Chocolate Works	DES	"641 Amsterdam Ave New York, NY 10025"	Upper West Side	NY	(212) 799-3630	http://www.chocolateworksnyc.com	Street	$$	https://www.google.com/maps/place/Chocolate+Works/	Haagen Daaz	DES	"109 7th Ave, Brooklyn, NY 11215"	Park Slope	NY	(718) 398-8004	x	Street	$	"https://www.google.com/maps/place/H%C3%A4agen-Dazs%C2%AE+Ice+Cream+Shop/@40.673673,-73.975787,15z/data=!4m2!3m1!1s0x0:0x8d0b7a525365e05b?sa=X&ved=0ahUKEwj1uLWr0cLJAhWD8x4KHT6TDcIQ_BIIdzAK"	Something to do in Park Slope after an activity. Right near Gotham ArcheryMax Brenner	DES	"841 Broadway New York, 10003"	 Greenich Village	NY	(646) 467-8803	maxbrenner.com	Street	$$	"https://www.google.com/maps/place/Max+Brenner,+841+Broadway,+New+York,+NY+10003/@40.7344163,-73.9933257,17z/data=!3m1!4b1!4m2!3m1!1s0x89c25998e498dccb:0xe8a5a87a545f71a0"	"some don't hold as kosher, careful"The Chocolate Room	DES	"269 Court St Brooklyn, NY 11231"	Dumbo	NY	(718) 246-2600	thechocolateroomBrooklyn.com_	Street	$$	"https://www.google.com/maps/place/The+Chocolate+Room/@40.7026571,-74.011763,14.04z/data=!4m5!1m2!2m1!1sThe+Chocolate+Room!3m1!1s0x0000000000000000:0x2a6fdd3ceed97461"	"some don't hold as kosher, careful"Voila Chocolat	DES	"221 West 79th St New York, NY 10024"	Upper West Side 	NY	212.920.8799	http://www.voila-chocolat.com	Street/Paid Lot	$$	"https://www.google.com/maps/place/Voila+Chocolat/@40.7837686,-73.9813676,17z/data=!3m1!4b1!4m2!3m1!1s0x89c258889b0f3c99:0x34398016ec82755a"	"WEB says Chocolate and cream/butter is kosher, some toppings are not, like cold stone"Carvel	DES_P	"2744 Coney Island Ave Brooklyn, NY 11235"	Coney Island	NY	(718) 934-8173	http://www.carvel.com	Street	$	"https://www.google.com/maps/place/Carvel+Ice+Cream/@40.5907229,-73.9628721,16.81z/data=!4m5!1m2!2m1!1sCarvel+Ice+Cream+ave+y!3m1!1s0x0000000000000000:0x6d7adcac1b99e80a"	local ice cream placeDylans Candy Bar	DES_P	"1011 3rd Ave New York, NY 10065"	Lenox Hill	NY	(646) 735-0078	dylanscandybar.com	Street/Paid Lot	$	"https://www.google.com/maps/place/Dylan's+Candy+Bar/@40.7621995,-73.9680195,17z/data=!3m1!4b1!4m2!3m1!1s0x89c258e5f97bd37d:0x67b61fedadd42043"	$30 for a bag of candyHershey's store 	DES_P	1593 Broadway New York	Midtown	NY	(212) 581-9100	https://www.thehersheycompany.com/about-hershey/visit-hershey/retail-stores/times-square.aspx	Paid Lot	$	"https://www.google.com/maps/place/HERSHEY'S+CHOCOLATE+WORLD/@40.7591394,-73.9864404,16.19z/"	Juice Press	DES_P	"1296 Madison Ave New York, NY 10128 "	Upper East Side	NY	(212) 777-0034	http://www.juicepress.com	Street	$	"https://www.google.com/maps/place/Juice+Press/@40.7848453,-73.9583347,17z/data=!3m1!4b1!4m2!3m1!1s0x89c258a3c900ec13:0xb90093fa06fa1a47"	Juice Press	DES_P	"144 N 8th St Brooklyn, NY 11249"	Williamsburg	NY	(212) 777-0034	http://www.juicepress.com	Street	$	"https://www.google.com/maps/place/Juice+Press/@40.7187156,-73.9601733,17z/data=!3m1!4b1!4m2!3m1!1s0x89c2595dbd7782bb:0x25c3820dba2ac75e"	Bascially a juice barM&M's world	DES_P	"1600 Broadway New York, NY"	Midtown	NY	(212) 295-3850	http://m.yelp.com/biz/m-and-ms-world-new-york	Paid Lot	$	"https://www.google.com/maps/place/M%26M'S+World/@40.7602453,-73.9865482,17z/data=!3m1!4b1!4m2!3m1!1s0x89c258560aeef31d:0x42b8e1082d336c3f"	open latePopBar	DES_P	"5 Carmine St New York, NY 10014"	West Village	NY	(212) 255-4874	http://pop-bar.com	Street	$	"https://www.google.com/maps/place/Popbar/@40.730598,-74.004206,17z/data=!3m1!4b1!4m2!3m1!1s0x89c259923549f8e3:0x1895dd174986d37a"	"Handcrafted Gelato on a Stick. popGelato, popSorbetto, popFroyo and Coffee drinks… Not everyone holds as kosher"Sprinkles	DES_P	"5508 18th Ave Brooklyn, NY, 11204"	Borough Park	NY	(718) 259-2200	x	Street	$	"https://www.google.com/maps/place/Sprinkles,+5508+18th+Ave,+Brooklyn,+NY+11204/@40.6247958,-73.9870037,17z/data=!3m1!4b1!4m2!3m1!1s0x89c24527a3a393df:0x76706400ee30f16b"	"Ice cream, smoothies etc. Very chill"Sweet Choice	DES_P	"3006 Ave L Brooklyn, NY 11210"	Brooklyn	NY	(718) 677-1561	http://www.sweetchoiceny.com	Street	$	"https://www.google.com/maps/place/Sweet+Choice/@40.6218553,-73.9479028,17z/data=!3m1!4b1!4m2!3m1!1s0x89c244af8fd702ed:0xf4a096967327ff6e"	local ice cream placeWaffelino (Waffle Bar)	DES_P	"310 Central Ave Lawrence, NY 11559"	Long Island	NY	(516) 792-3973	http://www.waffelino.com	Street	$	"https://www.google.com/maps/place/Waffelino+-+The+Waffle+Bar/@40.6175803,-73.7326563,17z/data=!3m1!4b1!4m2!3m1!1s0x89c265ea2b5d3751:0x7f049db23774ad16"	"Nice waffle bar place, good for breakfast, lunch or dinner."David's Tea	DES_P	"234 7th Ave Brooklyn, NY _"	Park Slope	NY	(347) 223-4637	davidstea.com	Street	$	"https://www.google.com/maps/place/DAVIDsTEA/@40.6699201,-73.9815345,17z/data=!3m1!4b1!4m5!1m2!2m1!1sDavid's+Tea!3m1!1s0x0000000000000000:0x8d2dc96c429c553d"	an hl version of taking that gee to starbucksDavid's Tea	DES_P	"1124 3rd Ave New York, NY 10065"	Upper East Side	NY	(212) 717-1116	davidstea.com	Street	$	"https://www.google.com/maps/place/DAVIDsTEA/@40.7658197,-73.9659001,17z/data=!3m1!4b1!4m2!3m1!1s0x89c258e915a55069:0x39efbf9ba567ff9"	Rita's	DES_P	"1327 Surf Ave Brooklyn, NY 11224"	Coney Island	NY	(718) 266-7482	http://www.ritasfranchises.com/stores/store.cfm/Coney%20Island-11224/store/3646	Street	$	"https://www.google.com/maps/place/Rita's/@40.5748104,-74.0151824,13z/data=!4m5!1m2!2m1!1sRita's!3m1!1s0x0000000000000000:0x33df91bd42f9a482"	Cute place for ices. Seasonal. Opened during the summer months only.Cocoa Bar	DES_P	"228 7th Avenue. Brooklyn, NY 11215"	Park Slope	NY	(718) 499-4080	cocoabarnyc.com	Street	$	https://www.google.com/webhp?sourceid=chrome-instant&ion=1&espv=2&ie=UTF-8#q=cocoa+bar&rflfq=1&rlha=0&tbm=lcl&rlfi=hd:;si:708621945678673807	"Chilled tea place, kosher-wise just regular tea (ask your rabbi), they have an outside area in the back too. Very chilled, and down the block from painted pot"Alices Restaurant	DIN_D	"434 Ave U Brooklyn, NY 11223"	Brooklyn	NY	(718) 376-3125	http://www.aliceskosherrestaurant.com	Street	$$	"https://www.google.com/maps/place/Alices+Kosher+Restaurant+%26+Products/@40.5973294,-73.9701909,17z/data=!3m1!4b1!4m5!1m2!2m1!1sAlices+Restaurant!3m1!1s0x0000000000000000:0x7d1806018b9b25a5"	Ave P Appetizing	DIN_D	"276 Norwood Ave Deal, NJ 07723 "	Deal	NJ	(732) 695-6588	x	Street	$$	x	"What are you getting here, a bagel?"Bagels N Greens	DIN_D	"1379 Coney Island Ave Brooklyn, NY 11230"	Brooklyn	NY	(718) 256-6656	http://www.bagelsngreens.com	Street	$$	"https://www.google.com/maps/place/Bagels+N+Greens/@40.6239471,-73.9669371,17z/data=!3m1!4b1!4m5!1m2!2m1!1sBagels+N+Greens!3m1!1s0x0000000000000000:0xadba2b6ed92fe945"	Basil Pizza & Wine Bar	DIN_D	270 Kingston Ave Brooklyn New York 11213	Crown Heights	NY	(718) 285-8777	basilny.com	Street	$$$	"https://www.google.com/maps/place/Basil+Pizza+%26+Wine+Bar/@40.6702731,-73.9445763,17z/data=!3m1!4b1!4m2!3m1!1s0x89c25b82072bdbe7:0x641320850a850f31"	nice dairy restaurant. dark as hell bring a flashlightBella Notte	DIN_D	"268 Norwood Ave  Deal, NJ 07723"	Deal	NJ	(732) 508-9446	x	Street	$$	x	The old ice cafeBoardwalk Cafe	DIN_D	"200 Monmouth Rd  West Long Branch, NJ 07764 "	Deal	NJ	(732) 508-9556	http://boardwalkcafeonline.com/index.html	Street	$$	x	Bubbies Bistro	DIN_D	"5204 Ventnor Ave Ventnor City, NJ 08406"	Atlantic City	NJ	(609) 822-7200	http://www.bubbiesbistro.com	Street	$$	"https://www.google.com/maps/place/Bubbies+Bistro/@39.3435261,-74.4730399,17z/data=!3m1!4b1!4m2!3m1!1s0x89c0ee9e12ac097b:0x7864b05853f8dcc0"	Hour and a half from deal.. Dont know if its worth the drive.Cafe Hadar	DIN_D	2923 Ave N Brooklyn 11210	Brooklyn	NY	(718) 252-5146	http://www.cafehadar.com	Street	$$	"https://www.google.com/maps/place/Cafe+Hadar/@40.6173489,-73.947553,17z/data=!3m1!4b1!4m2!3m1!1s0x89c244a48d2177af:0x459eedf63f625f42"	nice dairy resturant thats local but not so localCafe K	DIN_D	"1111 Ave K Brooklyn, NY 11230"	Brooklyn	NY	(718) 677-3125	http://www.cafekrestaurant.com	Street	$$	"https://www.google.com/maps/place/Cafe+K/@40.6173485,-73.9541459,15z/data=!4m5!1m2!2m1!1sCafe+K!3m1!1s0x0000000000000000:0x71cd44f360e7a4d9"	Cafe K 18th Ave	DIN_D	"4110 18th Ave Brooklyn, NY 11218"	Brooklyn	NY	(718) 438-1859	http://www.cafekrestaurant.com	Street	$	"https://www.google.com/maps/place/Caf%C3%A9+K/@40.6173485,-73.9541459,15z/data=!4m5!1m2!2m1!1sCafe+K!3m1!1s0x0000000000000000:0x6327ccdfd178fda3"	"Simple cafe dinner, not sy populated"Cafe Paris	DIN_D	"4424 16th Ave Brooklyn, NY 11204"	Borough Park	NY	(718) 853-2353	x	Street	$$	"https://www.google.com/maps/place/Cafe+Paris/@40.6271299,-73.9868973,15z/data=!4m5!1m2!2m1!1sCafe+Paris!3m1!1s0x0000000000000000:0x3fb68faebfceb001"	Cafe Renaissance	DIN_D	"802 Kings Hwy Brooklyn, NY 11223"	Brooklyn	NY	(718) 382-1900	x	Street	$$	"https://www.google.com/maps/place/Cafe+Renaissance/@40.6063758,-73.966513,17z/data=!3m1!4b1!4m2!3m1!1s0x89c244edcbf55d6b:0xe3305d973f00a6a2"	nice dairy resturant thats localCafe Shalva	DIN_D	"1305 53rd St Brooklyn, NY 11219"	Borough Park	NY	(718) 851-1970	x	Street	$$	"https://www.google.com/maps/place/Cafe+Shalva/@40.6326588,-73.9962526,17z/data=!3m1!4b1!4m2!3m1!1s0x89c2452e05f71681:0xc82bfd6774448b71"	Cafe Venezia	DIN_D	"1391 Coney Island Ave Brooklyn, NY 11230"	Coney Island	NY	(718) 258-5400	http://www.cafe-venezia.com	Street	$$	"https://www.google.com/maps/place/Cafe+Venezia/@40.6236817,-73.9668474,17z/data=!3m1!4b1!4m2!3m1!1s0x89c244c61cb817f5:0x97f422188d593e3f"	nice dairy resturant thats localCandle Cafe Upper East	DIN_D	"1307 3rd Ave New York, NY 10021"	Upper East Side	NY	(212) 472-0970	http://www.candlecafe.com	Street	$$	"https://www.google.com/maps/place/Candle+Cafe/@40.7714234,-73.9612195,17z/data=!3m1!4b1!4m2!3m1!1s0x89c258bfff5714d5:0x7c9d58ff1907440f"	vegan placeCandle Cafe Upper West	DIN_D	"2427 Broadway New York, NY 10024"	Upper West Side	NY	(212) 769-8900	http://www.candlecafe.com	Street	$$	"https://www.google.com/maps/place/Candle+Cafe+West/@40.7905396,-73.9773294,17z/data=!3m1!4b1!4m2!3m1!1s0x89c25883b08a93e3:0xcdd125cd4f016cd2"	vegan placeChocolate Soda	DIN_D	"290 Norwood Ave Deal, NJ 07723"	Deal	NJ	(732) 531-5460	x	Street	$$	x	Nope.Colbeh	DIN_D	"1 The Intervale Roslyn Heights, NY 11577"	Roslyn	NY	(516) 621-2200	http://www.colbeh.com/splash/	Street	$$	"https://www.google.com/maps/place/Colbeh/@40.7788279,-73.6664452,13z/data=!4m5!1m2!2m1!1sColbeh+11577!3m1!1s0x0000000000000000:0x17f198ecdf4d8c55"	Corner Cafe	DIN_D	"2 Ditmas Ave Brooklyn, NY 11218"	Borough Park	NY	(718) 435-2233	http://www.my-cornercafe.com	Street	$$	"https://www.google.com/maps/place/Corner+Cafe/@40.635299,-73.981023,17z/data=!3m1!4b1!4m2!3m1!1s0x89c244d4c8be26e7:0xbbeb3085a54b90fb"	Delicious on Lydig	DIN_D	"746 Lydig Ave Bronx, NY 10462"	Bronx	NY	(718) 239-5455	http://www.deliciousonlydig.com	Street	$	"https://www.google.com/maps/place/Delicious+on+Lydig+Kosher/@40.8542519,-73.8682279,17z/data=!3m1!4b1!4m2!3m1!1s0x89c2f49f823e1a29:0x329aec32248fe9bd"	near bronx zooDiet Gourmet	DIN_D	"167 Lincoln Ave Long Branch, NJ 07740"	Deal	NJ	(732) 870-3287	x	Street	$$	"https://www.google.com/maps/place/Diet+Gourmet+Restaurant/@40.2654608,-73.998738,17z/data=!3m1!4b1!4m2!3m1!1s0x89c225b98e0abb9f:0x78e324327a9fd654"	Down to Earth	DIN_D	"312 Main St Allenhurst, NJ 07711"	Deal	NJ	(732) 686-1344	x	Street	$$	"https://www.google.com/maps/place/Down+to+Earth/@40.6670357,-75.0427329,9z/data=!4m5!1m2!2m1!1sDown+to+Earth!3m1!1s0x0000000000000000:0x962575302a691838"	The old back to natureGarden of Eat-In	DIN_D	"1416 Ave J Brooklyn, NY 11230"	Brooklyn	NY	(718) 252-5289	http://www.gardenofeatin.com	Street	$$	"https://www.google.com/maps/place/Garden+of+Eatin'/@40.6249191,-73.9639845,17z/data=!3m1!4b1!4m2!3m1!1s0x89c244c85c989ef7:0x274097a148e13459"	Please don't take a girl here on a first date. Or a second dateMamilla	DIN_D	"2811 Nostrand Ave Brooklyn, NY 11229"	Brooklyn	NY	(718) 758-2900	http://www.t42lite.com	Street	$$	"https://www.google.com/maps/place/Mamilla/@40.6155187,-73.9463256,16.83z/data=!4m2!3m1!1s0x89c244a382f43a6b:0x7d7222625aa4c822"	My Most Favorite Food	DIN_D	"247 West 72nd St New York, NY 10023"	Upper West Side	NY	(212) 580-5130	mymostfavorite.com	Street	$$	"https://www.google.com/maps/place/My+Most+Favorite+Food/@40.7795926,-73.9855101,17z/data=!3m1!4b1!4m2!3m1!1s0x89c25861fc009801:0xdea9bebf3bb9fb87"	light dairy restaurantNoidue	DIN_D	"143 W 69th St New York, NY 10023"	Upper West Side	NY	(212) 712-2222	http://noiduecafe.com	Street	$$	"https://www.google.com/maps/place/Noi+Due/@40.7762556,-73.9837626,17z/data=!3m1!4b1!4m2!3m1!1s0x89c2588a934f97df:0xf8b6aae16508c16d"	Nu Cafe 47	DIN_D	"4709 New Utrecht Ave Brooklyn, NY 11219"	Borough Park	NY	(718) 871-4747	http://www.nucafe47.net	Street	$$	"https://www.google.com/maps/place/Nu+Cafe+47/@40.637851,-73.996565,17z/data=!3m1!4b1!4m2!3m1!1s0x89c2452d53985767:0xeebf29435054513d"	Orchidea	DIN_D	"4815 12th Ave Brooklyn, NY 11219"	Borough Park	NY	(718) 686-7500	http://www.orchideabrooklyn.com/	Street	$$$	"https://www.google.com/maps/place/Orchidea/@40.6366205,-73.9959058,17z/data=!3m1!4b1!4m2!3m1!1s0x89c2452d6820c1d7:0xfdd3438b02160164"	"Nice dairy dinner, good date place"Ottimo Cafe	DIN_D	"6794 U.S. 9 Howell, NJ 07731"	Lakewood	NJ	(732) 367-0009	ottimocafe.com	Free Lot	$$	"https://www.google.com/maps/place/Ottimo+Cafe/@40.113945,-74.221857,17z/data=!3m1!4b1!4m2!3m1!1s0x89c17f5515be52f1:0x35924114eec60de0"	Palace Cafe 	DIN_D	"2603 Nostrand Ave Brooklyn, NY, 11210"	Brooklyn	NY	718-338-9525	x	Street	$$	"https://www.google.com/maps/place/Palace+Cafe/@40.6211117,-73.9476978,17z/data=!3m1!4b1!4m2!3m1!1s0x89c244a5198e7623:0xfb4407a673d1f39e"	Savor Cafe	DIN_D	"2925 Ave P Brooklyn, NY 11229"	Brooklyn	NY	(718) 338-1353	x	Street	$$	"https://www.google.com/maps/place/Savor+Cafe/@40.6122099,-73.946511,17z/data=!3m1!4b1!4m2!3m1!1s0x89c244a2671a8881:0xefa1ec0f3aa5adb6"	"Local, barely any sys"Sophie’s Bistro	DIN_D	"1904 Coney Island Ave Brooklyn, NY 11230"	Brooklyn	NY	(718) 444-6222	http://www.sophiesbistrony.com	Street	$$	"https://www.google.com/maps/place/Sophie's+Bistro+%26+Lounge/@40.610948,-73.9649916,17z/data=!3m1!4b1!4m2!3m1!1s0x89c244eba958aa61:0x6f4f733c39fbe99e"	Spoons Cafe	DIN_D	"5001 13th Ave Brooklyn, NY 11219"	Borough Park	NY	(718) 633-5555	x	Street	$$	"https://www.google.com/maps/place/Spoons/@40.6342431,-73.9947627,17z/data=!3m1!4b1!4m2!3m1!1s0x89c2452db9025da1:0x38fc4f4e723b14b8"	Spoons Cafe	DIN_D	"2923 Ave J Brooklyn, NY 11210"	Brooklyn	NY	(718) 377-7373	x	Street	$$	x	"Not so expensive, cheaper then sunflower"Tiberias	DIN_D	"45 E 34 St New York, NY 10016"	Midtown	NY	(212) 481-4222	http://www.tiberiasnyc.com/	Street/Paid Lot	$$	"https://www.google.com/maps/place/Tiberias/@40.7477454,-73.9844431,17z/data=!3m1!4b1!4m2!3m1!1s0x89c259077764c719:0x31142d328dd7756e"	"Great dairy restaurant, fast service but also pretty nice. Happens to be open 24 hours"V Spot	DIN_D	"156 5th Ave Brooklyn, NY 11217"	Brooklyn	NY	(718) 928-8778	www.vspot.nyc	Street	$$	"https://www.google.com/maps/place/The+V+Spot/@40.678078,-73.9817098,17z/data=!3m1!4b1!4m2!3m1!1s0x89c25babad18d59f:0x863991745baa27c9"	"Vegan Kosher restaurant under IKC, ask your local orthodox rabbi"Va Bene	DIN_D	"1589 2nd Ave New York, NY 10028"	Upper East Side	NY	(212) 517-4448	vabenenyc.com	Street	$$$	"https://www.google.com/maps/place/Va+Bene/@40.7756523,-73.9557603,17z/data=!3m1!4b1!4m2!3m1!1s0x89c258bbffef671d:0xbc3f23f0a0ced76a"	"nice dairy restaurant, very expensive"656 Ocean	DIN_M	"656 Ocean Ave Long Branch, NJ 07740"	Deal	NJ	(732) 728-9656	http://www.656ocean.com	Street	$$$	"https://www.google.com/maps/place/656+Ocean/@40.2826184,-73.9849569,20.58z/data=!4m7!1m4!3m3!1s0x89c22501bc9e5f29:0xff14145f95b3436!2s656+Ocean+Ave+N,+Long+Branch,+NJ+07740!3b1!3m1!1s0x89c22501bc9e5f29:0xc82e2935e3466a42"	Abigael's on Broadway	DIN_M	"1407 Broadway New York, NY 10018"	Midtown	NY	(212) 575-1407	http://www.abigaels.com	Street	$$	"https://www.google.com/maps/place/Abigael's+On+Broadway/@40.7532633,-73.9896485,17z/data=!3m1!4b1!4m2!3m1!1s0x89c259ab9df6e6c3:0x1586cd1df384b0cc"	nice meat dinner place and a walk to time square which is very niceAmsterdam Burger Company	DIN_M	"654 Amsterdam Ave New York, NY 10025"	Upper West Side	NY	(212) 362-0700	amsterdamburger.com	Street	$	"https://www.google.com/maps/place/Amsterdam+Burger+Company/@40.7915099,-73.9747901,17z/data=!3m1!4b1!4m2!3m1!1s0x89c25882c3c93cb5:0x873390baf95716a9"	messy burgers.. only go if you are very close with the girl as it is very hard to eat properlyAroma	DIN_M	"116 Norwood Ave Deal, NJ 07723"	Deal	NJ	(845) 507-2359	x	Street	$$$	"https://www.google.com/maps/place/Aroma+Grill/@40.5860129,-74.3060441,10z/data=!4m5!1m2!2m1!1sAroma!3m1!1s0x0000000000000000:0xbaef349125cc30b7"	Ave Grill & Sushi	DIN_M	"157 Elmora Ave Elizabeth, NJ 07202"	Elizabeth	NJ	(908) 354-6777	http://www.njkosher.com	Street	$$	"https://www.google.com/maps/place/Avenue+Grill+%26+Sushi/@40.662409,-74.2354259,17z/data=!3m1!4b1!4m2!3m1!1s0x89c3b2a4da18a79b:0x12adb6ea31327d70"	Big Fleishig’s Express	DIN_M	"5508 16th Ave Brooklyn, NY 11204"	Borough Park	NY	(718) 435-2779	x	Street	$$	"https://www.google.com/maps/place/Big+Fleishig's+Express/@40.6275649,-73.9916038,17z/data=!3m1!4b1!4m2!3m1!1s0x89c2452f57af3161:0x308cb4103bf315be"	Boeuf & Bun	DIN_M	"271 Kingston Ave, Brooklyn, NY 11213"	Crown Heights	NY	(718) 221-8900	http://www.boeufbun.com/	Street	$$	"https://www.google.com/maps/place/Boeuf+%26+Bun/@40.670485,-73.9440237,17z/data=!3m1!4b1!4m2!3m1!1s0x89c25b81f8ac0565:0xc57f76c6e85c9187"	very similar to amsterdamBrooklyn Steak Co.	DIN_M	"1316 Ave M Brooklyn, NY 11230"	Brooklyn	NY	(718) 376-0680	http://brooklynsteakco.com	Street	$$	"https://www.google.com/maps/place/Brooklyn+Steak+Co./@40.617704,-73.9634489,17z/data=!3m1!4b1!4m2!3m1!1s0x89c244c0c666758b:0xdd6b615778fdfba5"	Butcher’s Steakhouse	DIN_M	"401 Main St Allenhurst, NJ 07711 "	Deal	NJ	(732) 686-1498	x	Street	$$$	"https://www.google.com/maps/place/The+Butchers+Steakhouse/@40.2358005,-74.0089997,17z/data=!3m1!4b1!4m2!3m1!1s0x89c2260ccce0b4fb:0xd5504406f3dbbb2a"	Chagall Bistro	DIN_M	"330 5th St New York, NY 11215"	Park Slope	NY	(718) 832-9777	http://chagallbistro.com	Street	$$$	"https://www.google.com/maps/place/Chagall+Bistro/@40.6715771,-73.9866871,17z/data=!3m1!4b1!4m2!3m1!1s0x89c25afe74aa4647:0xa3c557be3230e5b2"	Chap A Nosh	DIN_M	"1426 Elm Ave Brooklyn, NY 11230"	Brooklyn	NY	(718) 627-0072	http://chapanoshofbrooklyn.com	Street	$$	"https://www.google.com/maps/place/Chap+A+Nosh/@40.617534,-73.9623873,17z/data=!3m1!4b1!4m2!3m1!1s0x89c244c0b9659ae3:0xfca01f5c8427234b"	China Glatt	DIN_M	"4413 13th Ave Brooklyn, NY 11219"	Borough Park	NY	(718) 438-2576	x	Street	$$	"https://www.google.com/maps/place/China+Glatt/@40.6373919,-73.9914741,17z/data=!3m1!4b1!4m2!3m1!1s0x89c25ad3530e7401:0x69cbc27bd6d003d1"	Cho-sen Island	DIN_M	"367 Central Ave, Lawrence, NY 11559"	Lawrence	NY	(516) 374-1199	http://www.chosengarden.com/Island.html	Free Lot	$$$	"https://www.google.com/maps/place/Cho-Sen+Island/@40.6183416,-73.7303551,17z/data=!3m1!4b1!4m2!3m1!1s0x89c265ea4311d535:0x9381b93e35613053"	Jdub city but great Chinese if you happen to be in the areaCho-Sen Village	DIN_M	"505 Middle Neck Rd Great Neck, NY 11023"	Great Neck	NY	(516) 504-1199	http://www.cho-senvillage.com	Street	$$	"https://www.google.com/maps/place/Cho-Sen+Village/@40.8002904,-73.7361812,17z/data=!3m1!4b1!4m2!3m1!1s0x89c28977a4cb7a89:0x439f0cdc5998e68a"	Deli 52	DIN_M	"5120 13th Ave Brooklyn, NY 11219"	Borough Park	NY	(718) 436-4830	http://www.deli52.net	Street	$$	"https://www.google.com/maps/place/Deli+52/@40.6336087,-73.9961385,17z/data=!3m1!4b1!4m2!3m1!1s0x89c2452de5594617:0xf1d580a266db7ba7"	Dougie’s BBQ	DIN_M	"256 Norwood Ave N Deal, NJ 07723"	Deal	NJ	(732) 517-0300	http://www.dougiesdeal.com	Street	$$	"https://www.google.com/maps/place/Dougie's+Bar-B-Que/@40.2595081,-74.0024255,17z/data=!3m1!4b1!4m2!3m1!1s0x89c225df537c90af:0x4cd752385388e29c"	El Gaucho Glatt Steakhouse	DIN_M	"4102 18th Ave Brooklyn, NY 11218"	Flatbush	NY	(718) 438-3006	http://www.elgauchoglatt.com	Street	$$$	"https://www.google.com/maps/place/El+Gaucho+Glatt/@40.6321932,-73.9766703,17z/data=!3m1!4b1!4m2!3m1!1s0x89c244d3adecf039:0x7120e7d1c95717c6"	Essen New York Deli	DIN_M	"1359 Coney Island Ave Brooklyn, NY 11230"	Brooklyn	NY	(718) 859-1002	http://essennydeli.com	Street	$$	"https://www.google.com/maps/place/Essen+NY+Deli/@40.6243715,-73.966962,17z/data=!3m1!4b1!4m2!3m1!1s0x89c244c8af9ffdcf:0x482e6c0b8ff7197c"	Estihana	DIN_M	"1217 Ave J Brooklyn, NY 11230"	Brooklyn	NY	(718) 677-1515	http://www.estihana.com/brooklyn/	Street	$$	"https://www.google.com/maps/place/Estihana+Brooklyn/@40.6251172,-73.9657542,17z/data=!3m1!4b1!4m2!3m1!1s0x89c244c8eb416edb:0xf0d7ebb099044f44"	Estreia	DIN_M	"978 River Avenue Lakewood, NJ 08701"	Lakewood	NJ	(732) 994-7878	http://estreia978.com	Free Lot	$$$	"https://www.google.com/maps/place/Estr%C3%A9ia+Restaurant/@40.061343,-74.221844,17z/data=!3m1!4b1!4m2!3m1!1s0x89c17877bfa37c63:0xef6eb7e8362888a"	"Very very nice place. Open Sun-Thu, Seating from 5pm-10:30pm"Fuji Hana	DIN_M	"512 Ave U Brooklyn, NY 11223"	Brooklyn	NY	(718) 336-3888	x	Street	$$	"https://www.google.com/maps/place/Fuji+Hana/@40.5975768,-73.9685837,17z/data=!3m1!4b1!4m2!3m1!1s0x89c244f692209f11:0x5ae23952da1511e4"	"Place to take little sy girls. If you date an 8th grader, here's your place."Glatt a la Carte	DIN_M	"5123 18th Ave Brooklyn, NY 11204"	Borough Park	NY	(718) 438-6675	http://www.glattalacarte.com/	Street	$$$	"https://www.google.com/maps/place/Glatt+A+La+Carte/@40.626607,-73.984739,17z/data=!3m1!4b1!4m2!3m1!1s0x89c244d7f9200127:0xdd2a3eb22460e73a"	"Meat dinner, expensive. Definitely ask for a booth. some sys"Jerusalem	DIN_M	"6410 Ventnor Ave Ventnor City, NJ 08406"	Atlantic City	NJ	(609) 822-2266	x	Street	$$$	x	Hour and a half from deal.. Dont know if its worth the drive.Jerusalem Steak House II	DIN_M	"1319 Ave J Brooklyn, NY 11230"	Brooklyn	NY	(718) 258-8899	x	Street	$$$	"https://www.google.com/maps/place/Jerusalem+Steak+House+II/@40.6252023,-73.9647202,17z/data=!3m1!4b1!4m2!3m1!1s0x89c244c8f6501431:0x97448f262f5ef147"	Kosher Castle	DIN_M	"43 Rt 59 Monsey, NY 10952"	Monsey	NY	(845) 425-3500	x	Street	$$	"https://www.google.com/maps/place/Kosher+Castle/@41.1076016,-74.0655635,17z/data=!3m1!4b1!4m2!3m1!1s0x89c2e790a283701d:0x86442f48021b6031"	La Brochette	DIN_M	"340 Lexington Ave New York, NY 10016"	Midtown	NY	(212) 972-2200	http://www.labrochetteny.com	Street	$$$$	"https://www.google.com/maps/place/La+Brochette/@40.749876,-73.9796602,17z/data=!3m1!4b1!4m2!3m1!1s0x89c2590157107f67:0x52f5503f1ae9551c"	Le Marais	DIN_M	"150 W 46th St New York, NY"	Midtown	NY	(212) 869-0900	http://lemarais.net/	Street/Paid Lot	$$$	"https://www.google.com/maps/place/Le+Marais/@40.757993,-73.986475,17z/data=!3m1!4b1!4m2!3m1!1s0x89c258559970e091:0x832e9f5017a0d478"	if you want the whole sy community to see you go on thurday sat-night or sunday. great food great service decent pricingMabat Steakhouse	DIN_M	"1809 E 7th St Brooklyn, NY 11223"	Brooklyn	NY	(718) 339-3300	x	Street	$$$	"https://www.google.com/maps/place/Mabat+Steakhouse/@40.6064741,-73.9677498,17z/data=!3m1!4b1!4m2!3m1!1s0x89c244ee7ee7e99b:0x9b5c896833b1120c"	Mendy’s	DIN_M	"61 E 34th St New York, NY 10016"	Midtown	NY	(212) 576-1010	http://www.mendysdeli.com	Street	$$	"https://www.google.com/maps/place/Mendy's/@40.7474393,-73.9838404,17z/data=!3m1!4b1!4m2!3m1!1s0x89c259079f854791:0x6952a7365438b215"	http://www.groupon.com/deals/mendy-s-restaurantMendy’s Deli	DIN_M	"792 Eastern Pkwy Brooklyn, NY 11213"	Crown Heights	NY	(718) 907-8877	http://www.mendysdeli.com	Street	$	x	CLOSEDMike’s Bistro	DIN_M	"228 W 72nd St New York, NY 10023"	Upper West Side	NY	(212) 799-3911	http://www.mikesbistro.com	Street	$$$	"https://www.google.com/maps/place/Mike's+Bistro/@40.7594493,-73.9732625,17z/data=!3m1!4b1!4m2!3m1!1s0x89c25861e2ed9a19:0x4012332fdf4635ef"	Mister Nosh	DIN_M	"3323 Ave N Brooklyn, NY 11234"	Brooklyn	NY	(718) 253-1400	x	Street	$$	"https://www.google.com/maps/place/Mr+Nosh/@40.617811,-73.943659,17z/data=!3m1!4b1!4m2!3m1!1s0x89c244a686a9ed67:0x955230f24fd1d348"	Moshi Moshi	DIN_M	"1987 Coney Island Ave Brooklyn, NY 11223"	Brooklyn	NY	(718) 336-4566	x	Street	$$	"https://www.google.com/maps/place/Moshi+Moshi/@40.6087803,-73.964069,17z/data=!4m5!1m2!2m1!1sMoshi+Moshi!3m1!1s0x0000000000000000:0x2e72bea537775116"	Olympic Pita	DIN_M	"1419 Coney Island Ave Brooklyn, NY 11230"	Brooklyn	NY	(718) 258-6222	http://www.olympicpita.com	Street	$$	"https://www.google.com/maps/place/Olympic+Pita/@40.623041,-73.966749,17z/data=!3m1!4b1!4m2!3m1!1s0x89c244c60e05258b:0x8fc763378c7c088d"	Prime 95	DIN_M	"95 East Kennedy Blvd Lakewood, New Jersey"	Lakewood	NJ	(732) 276-7202	http://www.primeninetyfive.com/	Street	$$$	"https://www.google.com/maps/place/Prime+Ninety+Five/@40.107418,-74.219793,17z/data=!3m1!4b1!4m2!3m1!1s0x89c1820750d0be15:0xb8143d326156e318"	Prime at The Bentley	DIN_M	"500 York Ave New York, NY 10065"	Upper East Side	NY	(212) 933-9733	http://www.primehospitalityny.com	Street	$$$	"https://www.google.com/maps/place/Prime+at+The+Bentley/@40.7601371,-73.9603995,17z/data=!3m1!4b1!4m2!3m1!1s0x89c258dd3fbff5a3:0x5c222045178cc9ac"	Prime Grill	DIN_M	"25 West 56th St New York, NY 10019"	Midtown	NY	(212) 692-9292	primehospitalityny.com	Paid Lot	$$$$	"https://www.google.com/maps/place/The+Prime+Grill/@40.761523,-73.9755793,17z/data=!3m1!4b1!4m2!3m1!1s0x89c258fae4b8b429:0x2af86f4e501b26a9"	Prime Ko	DIN_M	"217 West 85th St New York, NY 10024"	Upper West Side	NY	(212) 496-1888	primehospitalityny.com	Street	$$$$	"https://www.google.com/maps/place/Prime+KO/@40.787569,-73.9786906,17z/data=!3m1!4b1!4m2!3m1!1s0x89c2588418457e5d:0x31ec87dd0d955f68"	Reserve Cut	DIN_M	"40 Broad St New York, NY 10004"	Financial District	NY	(212) 747-0300	reservecut.com	Paid Lot	$$$$	"https://www.google.com/maps/place/Reserve+Cut/@40.7060375,-74.0139712,17z/data=!3m1!4b1!4m2!3m1!1s0x89c25a16b7a97607:0x6079907d162a8e8e"	nice meat place. theres a parking lot at 14-26 S William StreetSheng Mao Chinese & Japanese	DIN_M	"214 Roosevelt Ave Oakhurst, NJ 07712"	Deal	NJ	(732) 531-7086	x	Street	$$	"https://www.google.com/maps/place/Sheng+Mao+Chinese%26Japanese+Glatt+Kosher+Restaurnat/@40.2595081,-74.0024255,17z/data=!4m2!3m1!1s0x89c225c0db03a81d:0xe429be2fe4d8a4ca"	T Fusion	DIN_M	"3223 Quentin Rd New York, 11234"	Brooklyn	NY	(718) 627-8325	tfusionsteakhouse.com/_	Street	$$$	"https://www.google.com/maps/place/T+Fusion+Steakhouse/@40.6133151,-73.9414436,17z/data=!3m1!4b1!4m2!3m1!1s0x89c244a1037e4587:0x35508424f88f82e6"	nice meat dinner. sysTalia's Steakhouse	DIN_M	"668 Amsterdam Ave New York, NY 10025"	Upper West Side	NY	(212) 580-3770	http://www.taliassteakhouse.com	Street	$$$	"https://www.google.com/maps/place/Talia's+Steakhouse+and+Bar/@40.791929,-73.974339,17z/data=!3m1!4b1!4m2!3m1!1s0x89c25882b79cdd15:0xe7bccad61ed2bd84"	"There is a groupon, check."Tevere	DIN_M	"155 E 84th St New York, NY 10028"	Upper East Side	NY	(212) 744-0210	http://www.teverenyc.com	Street	$$$	"https://www.google.com/maps/place/Tevere/@40.7780842,-73.9581538,17z/data=!3m1!4b1!4m2!3m1!1s0x89c258bc5746c249:0x77ee4e748a95ee30"	The Kosher Taco	DIN_M	"1091 River Ave Lakewood Township, NJ 08701"	Lakewood	NJ	(732) 534-5511	thekoshertaco.com	Free Lot	$$	"https://www.google.com/maps/place/The+Kosher+Taco/@40.0577479,-74.2212422,17z/data=!3m1!4b1!4m2!3m1!1s0x89c178760df515a3:0xbdf8eeda5437ff00"	The Loft Steakhouse 	DIN_M	1306 40th St Brooklyn New York 11218 	Borough Park	NY	(718) 475-5600	http://theloftsteakhouse.com	Street	$$$	"https://www.google.com/maps/place/The+Loft+Steakhouse/@40.6397528,-73.9889893,17z/data=!3m1!4b1!4m2!3m1!1s0x89c25ad4507a6e2f:0x135c0e38302054ac"	Nice HL meat dinner place with okay prices. Doubt you'd see sysThe Purple Pear	DIN_M	"106 Rt 59 Monsey, NY 10952"	Monsey	NY	(845) 352-5262	x	Street	$$	"https://www.google.com/maps/place/The+Purple+Pear/@41.1079179,-74.0706095,17z/data=!3m1!4b1!4m2!3m1!1s0x89c2e784380957f3:0xc4d593a630c32620"	Wok Tov	DIN_M	"594 Central Ave Cedarhurst, NY 11516"	Five Towns	NY	(516) 295-3843	http://woktov5t.com	Street	$$	"https://www.google.com/maps/place/Wok+Tov/@40.6234105,-73.7239541,17z/data=!3m1!4b1!4m2!3m1!1s0x89c265bf28e2d24f:0x6fac70227ca7571c"	Wolf & Lamb	DIN_M	1635 Coney Island Ave Brooklyn 11230	Coney Island	NY	(718) 627-4676	http://wolfandlambsteakhouse.com	Street	$$$	"https://www.google.com/maps/place/Wolf+and+Lamb/@40.6174824,-73.9656496,17z/data=!3m1!4b1!4m2!3m1!1s0x89c244c1166cd6d3:0x4cbcd65545b7d466"	"HL, very local"Wolf & Lamb	DIN_M	"10 E 48th St New York, NY 10017"	Upper West Side	NY	(212) 317-1950	http://wolfandlambsteakhouse.com	Street	$$$	"https://www.google.com/maps/place/Wolf+%26+Lamb/@40.7568491,-73.9795703,17z/data=!3m1!4b1!4m2!3m1!1s0x89c258fe80bd263f:0x3465563d439d2406"	Yummy Grill	DIN_M	"543 Kings Hwy Brooklyn, NY 11223"	Brooklyn	NY	(718) 375-7557	x	Street	$$	"https://www.google.com/maps/place/Yummy+Grill/@40.6046365,-73.9715396,17z/data=!3m1!4b1!4m5!1m2!2m1!1sYummy+Grill!3m1!1s0x0000000000000000:0x25adab61c6025363"	Many Local Resturants	LUN	"Brooklyn, NY "	Brooklyn	NY	X	http://www.menupages.com/restaurants/brooklyn/all-neighborhoods/kosher/1/sort/Name-0/	x	X	x	Amazon Cafe	LUN	1123 Quentin Rd Brooklyn 11229	Brooklyn	NY	(718) 382-8360	http://www.amazoncaffe.com	Street	$$	"https://www.google.com/maps/place/Amazon+Cafe/@40.6091918,-73.9622462,17.16z/data=!4m5!1m2!2m1!1sAmazon+Cafe!3m1!1s0x89c244ec991a98bf:0x22871a7b2163db38"	nice place for lunchBlue Dish Cafe	LUN	"4905 13th Ave Brooklyn, NY 11219"	Borough Park	NY	(718) 437-1962	http://www.bluedishny.com	Street	$$	"https://www.google.com/maps/place/Blue+Dish+Cafe/@40.6347408,-73.9943272,17z/data=!3m1!4b1!4m2!3m1!1s0x89c2452daebc49eb:0x98deffa69f989511"	Blueberry Cafe	LUN	"1618 Ave M New York, NY 11230"	Brooklyn	NY	(718) 339-4100	x	Street	$$	"https://www.google.com/maps/place/BlueBerry/@40.6180057,-73.9606589,17z/data=!3m1!4b1!4m2!3m1!1s0x89c244bf4c8491fd:0x9f7047fed2480e91"	Kosher for pseach place alsoCafe 11	LUN	"11 Broadway Manhattan, NY 10004"	Financial District	NY	(212) 425-2233	http://www.cafe11nyc.com	Street	$$	"https://www.google.com/maps/place/Cafe+11/@40.7052687,-74.0162543,17z/data=!3m1!4b1!4m2!3m1!1s0x89c25a11622676d1:0xadc8f63673f68217"	Cafe Classico	LUN	"35 W 57th St New York, NY 10019"	Midtown	NY	(212) 355-5411	http://www.cafeclassicotogo.com	Street	$$	"https://www.google.com/maps/place/Cafe'+Classico/@40.7640805,-73.9779835,17z/data=!3m1!4b1!4m2!3m1!1s0x89c258fa0bcb340d:0xf80a70314ce7a512"	Great American Health Bar	LUN	"35 West 57th New York, NY 10019"	Midtown	NY	(212) 355-5177	www.greatamericantogo.com/	Street/Paid Lot	$$	"https://www.google.com/maps/place/Great+American+Health+Bar/@40.7640805,-73.9779835,17z/data=!4m2!3m1!1s0x89c258fa0bcb340d:0x1a7c8d001acd857e"	Very good lunch spotMilk & Honey	LUN	"5013 10th Ave Brooklyn, NY 11219"	Borough Park	NY	(718) 871-4319	http://www.milknhoneybrooklyn.com	Street	$$	"https://www.google.com/maps/place/Milk+N+Honey/@40.6348482,-74.0264923,13.04z/data=!4m5!1m2!2m1!1sMilk+%26+Honey!3m1!1s0x0000000000000000:0x090a1f1d93723a7f"	Posh Tomato	LUN	"502 Ave U Brooklyn, NY 11230"	Brooklyn	NY	(718) 676-9353	https://www.facebook.com/pages/Posh-Tomato/165332460325260	Street	$$	"https://www.google.com/maps/place/Posh+Kosher/@40.6180043,-73.9760281,14z/data=!4m5!1m2!2m1!1sPosh+Tomato!3m1!1s0x89c244f693a011f5:0xdb768d4aa2f12eff"	Posh Tomato	LUN	"1701 Ave M Brooklyn, NY 11230"	Brooklyn	NY	(347) 275-7720	https://www.facebook.com/pages/Posh-Tomato/165332460325260	Street	$$	"https://www.google.com/maps/place/Posh+Kosher/@40.6180043,-73.9760281,14z/data=!4m5!1m2!2m1!1sPosh+Tomato!3m1!1s0x0000000000000000:0xad95e9878365cfcb"	Sunflower Cafe	LUN	1223 Quentin Rd Brooklyn 11229	Brooklyn	NY	(718) 336-1340	http://www.sunflowercafe.com	Street	$$	"https://www.google.com/maps/place/Sunflower+Cafe/@40.6082217,-73.9624328,17z/data=!3m1!4b1!4m2!3m1!1s0x89c244eca88384f3:0x9e5a90ebdc71ae12"	nice place for lunchTaam Mevorach	LUN	"815 Ave U Brooklyn, NY 11223"	Brooklyn	NY	(718) 336-3368	http://www.taammevorach.com	Street	$	"https://www.google.com/maps/place/Taam+Mevorach/@40.5983166,-73.9646939,17z/data=!3m1!4b1!4m2!3m1!1s0x89c244f47d9ae41b:0x30e26a9da6eb61cb"	Barclays Center	STA	620 Atlantic Ave Brooklyn New York 11217	Prospect Heights	NY	(917) 618-6100	"barclayscenter.com , stubhub.com"	Street/Paid Lot	$$$	x	nets fanCiti Field	STA	"123-01 Roosevelt Ave New York, NY 11368"	Queens	NY	(718) 507-6387	"mets.com , stubhub.com"	Paid Lot	$$	x	Mets game. Can take train if you want (F to the 7)Madison Square Garden	STA	"4 Pennsylvania Plaza New York, NY 10001"	 Midtown	NY	(212) 465-6741	"thegarden.com, stubhub.com"	Paid Lot	$$$	x	she better be a rangers/knicks fanMCU Park	STA	"1904 Surf Ave Brooklyn, NY 11224"	Coney Island	NY	(718) 372-5596	Brooklyncyclones.com	Paid Lot	$$	x	cheap and easy baseballMetlife STA	STA	"1 MetLife STA Dr, East Rutherford, NJ"	East Rutherford	NJ	(201) 559-1515	stubhub.com	Paid Lot	$$$	x	Giants/Jets play here as well as various concerts. bring warm clothesPrudential Center	STA	"25 Lafayette St Newark, NJ 07102"	Newark	NJ	(973) 757-6000	"prucenter.com , stubhub.com"	Paid Lot	$$$	x	devils fan